job_id,job_title,job_employment_type,job_apply_link,employer_name,employer_website,job_city,job_state,job_country,job_posted_at_datetime_utc
JqFFKAiqJHEsKUpTAAAAAA==,Full-Stack Developer,Contractor,https://www.linkedin.com/jobs/view/full-stack-developer-at-synergy-interactive-4089382632?utm_campaign=google_jobs_apply&utm_source=google_jobs_apply&utm_medium=organic,Synergy Interactive,,Chicago,Illinois,US,2024-12-02T14:00:00.000Z
OphI5NJBflQRcmx8AAAAAA==,Software Developer,Full-time,https://careers.united.com/us/en/job/WHQ00024224/Software-Developer?utm_campaign=google_jobs_apply&utm_source=google_jobs_apply&utm_medium=organic,United Airlines,https://www.united.com,Chicago,Illinois,US,2024-11-30T00:00:00.000Z
W8-wAJiVx7oddDe-AAAAAA==,Senior Cloud-Native Back-End Developer,Contractor,https://www.linkedin.com/jobs/view/senior-cloud-native-back-end-developer-at-zealtech-4087427707?utm_campaign=google_jobs_apply&utm_source=google_jobs_apply&utm_medium=organic,ZealTech,https://zealtechus.com,Chicago,Illinois,US,2024-12-02T19:00:00.000Z
lxtg791_SY3JHkjaAAAAAA==,Senior Dotnet Developer (w2),Full-time,https://www.linkedin.com/jobs/view/senior-dotnet-developer-w2-at-cloud-resources-llc-4089373485?utm_campaign=google_jobs_apply&utm_source=google_jobs_apply&utm_medium=organic,Cloud Resources LLC,http://cloudresources.net,Chicago,Illinois,US,2024-12-02T14:00:00.000Z
Ak9VZHYG7C5Zt1kUAAAAAA==,Java Full Stack Developer - Software Engineer II,Full-time,https://careers.bankofamerica.com/en-us/job-detail/24044919/java-full-stack-developer-software-engineer-ii-chicago-illinois-united-states?utm_campaign=google_jobs_apply&utm_source=google_jobs_apply&utm_medium=organic,Bank of America,http://www.bankofamerica.com/,Chicago,Illinois,US,2024-11-26T00:00:00.000Z
vCY2v7m4fq1bIllIAAAAAA==,Principal Front-end Software Engineer (ReactJS),Full-time,https://careers.cboe.com/us/en/job/R-3706/Principal-Front-end-Software-Engineer-ReactJS?utm_campaign=google_jobs_apply&utm_source=google_jobs_apply&utm_medium=organic,Cboe Global Markets,http://www.cboe.com/,Chicago,Illinois,US,2024-11-05T00:00:00.000Z
4Infa_kqZEwkbUK1AAAAAA==,Senior Front-End Software Engineer (Vue/React),Full-time,https://careers.morningstar.com/us/en/job/REQ-044461/Senior-Front-End-Software-Engineer-Vue-React?utm_campaign=google_jobs_apply&utm_source=google_jobs_apply&utm_medium=organic,Morningstar,http://www.morningstar.com/,Chicago,Illinois,US,2024-11-19T00:00:00.000Z
pXqxt7GahYMc3AjyAAAAAA==,Principal Software Developer,Full-time,https://jobs.nm.org/job/chicago/principal-software-developer/27763/69362862192?utm_campaign=google_jobs_apply&utm_source=google_jobs_apply&utm_medium=organic,Northwestern Medicine Corporate,http://www.nm.org/,Chicago,Illinois,US,2024-11-07T00:00:00.000Z
jXUGaNyutTIR55iKAAAAAA==,Web Developer,Full-time,"https://www.ziprecruiter.com/c/Bryce-Senz,-LLC/Job/Web-Developer/-in-Chicago,IL?jid=edd05d6f7cfbc7c6&utm_campaign=google_jobs_apply&utm_source=google_jobs_apply&utm_medium=organic","Bryce Senz, LLC",https://brycesenz.hiringthing.com,Chicago,Illinois,US,2024-11-27T00:00:00.000Z
NZUpvJMhAvISX4ESAAAAAA==,Sr. ServiceNow Developer,Full-time,https://careers.mcdonalds.com/sr-servicenow-developer/job/28341154?utm_campaign=google_jobs_apply&utm_source=google_jobs_apply&utm_medium=organic,McDonald's - Corporate,https://www.mcdonalds.com/us/en-us.html,Chicago,Illinois,US,2024-11-11T00:00:00.000Z
